{
  "auc": 0.9625882352941176,
  "accuracy": 0.8982456140350877,
  "balanced_accuracy": 0.9105882352941177,
  "logloss": 0.5011341725729973,
  "n": 285,
  "tp": 80,
  "fn": 5,
  "tn": 176,
  "fp": 24,
  "real_recall": 0.9411764705882353,
  "generated_specificity": 0.88
}