{
  "auc": 0.9184705882352941,
  "accuracy": 0.9122807017543859,
  "balanced_accuracy": 0.8867647058823529,
  "logloss": 0.3609501485694998,
  "n": 285,
  "tp": 70,
  "fn": 15,
  "tn": 190,
  "fp": 10,
  "real_recall": 0.8235294117647058,
  "generated_specificity": 0.95
}