{
  "auc": 0.8584705882352941,
  "accuracy": 0.9168831168831169,
  "balanced_accuracy": 0.853921568627451,
  "logloss": 0.3853500234057201,
  "n": 385,
  "tp": 63,
  "fn": 22,
  "tn": 290,
  "fp": 10,
  "real_recall": 0.7411764705882353,
  "generated_specificity": 0.9666666666666667
}