{
  "fold": 3,
  "train_blocks": [
    0,
    1,
    2
  ],
  "validation_block": 3,
  "train_real": 255,
  "train_generated": 600,
  "validation_real": 85,
  "validation_generated": 200,
  "best_iteration": 58,
  "effective_real_block_weights": {},
  "metrics": {
    "auc": 0.9626470588235294,
    "accuracy": 0.7017543859649122,
    "balanced_accuracy": 0.5135294117647059,
    "logloss": 0.47323233837435064,
    "n": 285,
    "tp": 4,
    "fn": 81,
    "tn": 196,
    "fp": 4,
    "real_recall": 0.047058823529411764,
    "generated_specificity": 0.98
  }
}