{
  "auc": 0.9763529411764705,
  "accuracy": 0.9473684210526315,
  "balanced_accuracy": 0.9422058823529411,
  "logloss": 0.430260585596066,
  "n": 285,
  "tp": 79,
  "fn": 6,
  "tn": 191,
  "fp": 9,
  "real_recall": 0.9294117647058824,
  "generated_specificity": 0.955
}