{
  "auc": 0.8646176470588235,
  "accuracy": 0.8385964912280702,
  "balanced_accuracy": 0.7598529411764705,
  "logloss": 0.4562487406898732,
  "n": 285,
  "tp": 48,
  "fn": 37,
  "tn": 191,
  "fp": 9,
  "real_recall": 0.5647058823529412,
  "generated_specificity": 0.955
}