{
  "auc": 0.9611176470588236,
  "accuracy": 0.9192982456140351,
  "balanced_accuracy": 0.8985294117647058,
  "logloss": 0.4554388057631601,
  "n": 285,
  "tp": 72,
  "fn": 13,
  "tn": 190,
  "fp": 10,
  "real_recall": 0.8470588235294118,
  "generated_specificity": 0.95
}