{
  "B5": {
    "real": {
      "n": 85,
      "real_recall": 0.8470588235294118,
      "mean_prob_real": 0.5632736837364706
    },
    "za_final7": {
      "n": 88,
      "generated_specificity": 0.9318181818181818,
      "mean_prob_real": 0.3327189765931818
    },
    "mf2_garch_regime_corr": {
      "n": 88,
      "generated_specificity": 1.0,
      "mean_prob_real": 0.30494553525227275
    },
    "sigwgan": {
      "n": 24,
      "generated_specificity": 0.8333333333333334,
      "mean_prob_real": 0.36961502830416665
    }
  }
}
