{
  "auc": 0.9835882352941177,
  "accuracy": 0.9368421052631579,
  "balanced_accuracy": 0.9313235294117647,
  "logloss": 0.4049347479583683,
  "n": 285,
  "tp": 78,
  "fn": 7,
  "tn": 189,
  "fp": 11,
  "real_recall": 0.9176470588235294,
  "generated_specificity": 0.945
}