{
  "auc": 0.9488823529411765,
  "accuracy": 0.8350877192982457,
  "balanced_accuracy": 0.7370588235294118,
  "logloss": 0.3763829422125848,
  "n": 285,
  "tp": 42,
  "fn": 43,
  "tn": 196,
  "fp": 4,
  "real_recall": 0.49411764705882355,
  "generated_specificity": 0.98
}