{
  "fold": 2,
  "train_blocks": [
    0,
    1
  ],
  "validation_block": 2,
  "train_real": 170,
  "train_generated": 400,
  "validation_real": 85,
  "validation_generated": 200,
  "best_iteration": 47,
  "effective_real_block_weights": {},
  "metrics": {
    "auc": 0.9058235294117647,
    "accuracy": 0.7859649122807018,
    "balanced_accuracy": 0.6547058823529411,
    "logloss": 0.46107311231990944,
    "n": 285,
    "tp": 28,
    "fn": 57,
    "tn": 196,
    "fp": 4,
    "real_recall": 0.32941176470588235,
    "generated_specificity": 0.98
  }
}