{
  "auc": 0.9934411764705884,
  "accuracy": 0.9403508771929825,
  "balanced_accuracy": 0.9338235294117647,
  "logloss": 0.3774719984291241,
  "n": 285,
  "tp": 78,
  "fn": 7,
  "tn": 190,
  "fp": 10,
  "real_recall": 0.9176470588235294,
  "generated_specificity": 0.95
}