{
  "auc": 0.8344705882352941,
  "accuracy": 0.7052631578947368,
  "balanced_accuracy": 0.5397058823529411,
  "logloss": 0.5492712373341125,
  "n": 285,
  "tp": 11,
  "fn": 74,
  "tn": 190,
  "fp": 10,
  "real_recall": 0.12941176470588237,
  "generated_specificity": 0.95
}