{
  "auc": 0.9915882352941177,
  "accuracy": 0.9157894736842105,
  "balanced_accuracy": 0.8757352941176471,
  "logloss": 0.3595208520014465,
  "n": 285,
  "tp": 66,
  "fn": 19,
  "tn": 195,
  "fp": 5,
  "real_recall": 0.7764705882352941,
  "generated_specificity": 0.975
}