{
  "train": {
    "auc": 0.9999649122807017,
    "accuracy": 0.9948979591836735,
    "logloss": 0.12252062458713515,
    "n": 980
  },
  "val": {
    "auc": 0.986764705882353,
    "accuracy": 0.7649122807017544,
    "logloss": 0.3326149529288057,
    "n": 285
  },
  "test": {
    "auc": 0.6163529411764705,
    "accuracy": 0.7017543859649122,
    "logloss": 0.5490111105258054,
    "n": 285
  }
}