{
  "fold": 3,
  "train_blocks": [
    0,
    1,
    2
  ],
  "validation_block": 3,
  "train_real": 255,
  "train_generated": 600,
  "validation_real": 85,
  "validation_generated": 200,
  "best_iteration": 53,
  "effective_real_block_weights": {},
  "metrics": {
    "auc": 0.9704117647058823,
    "accuracy": 0.7263157894736842,
    "balanced_accuracy": 0.5580882352941177,
    "logloss": 0.3738644580831624,
    "n": 285,
    "tp": 12,
    "fn": 73,
    "tn": 195,
    "fp": 5,
    "real_recall": 0.1411764705882353,
    "generated_specificity": 0.975
  }
}