{
  "B5": {
    "real": {
      "n": 85,
      "real_recall": 0.8470588235294118,
      "mean_prob_real": 0.6210844217305882
    },
    "za_final7": {
      "n": 100,
      "generated_specificity": 0.93,
      "mean_prob_real": 0.25191202789199996
    },
    "mf2_garch_regime_corr": {
      "n": 100,
      "generated_specificity": 1.0,
      "mean_prob_real": 0.19582318740600002
    }
  }
}
