{
  "auc": 0.9879411764705883,
  "accuracy": 0.8912280701754386,
  "balanced_accuracy": 0.8345588235294117,
  "logloss": 0.41704625192203454,
  "n": 285,
  "tp": 59,
  "fn": 26,
  "tn": 195,
  "fp": 5,
  "real_recall": 0.6941176470588235,
  "generated_specificity": 0.975
}