{
  "auc": 0.9931176470588234,
  "accuracy": 0.9508771929824561,
  "balanced_accuracy": 0.9413235294117647,
  "logloss": 0.3455828665243503,
  "n": 285,
  "tp": 78,
  "fn": 7,
  "tn": 193,
  "fp": 7,
  "real_recall": 0.9176470588235294,
  "generated_specificity": 0.965
}