{
  "auc": 0.9654117647058823,
  "accuracy": 0.9298245614035088,
  "balanced_accuracy": 0.9060294117647059,
  "logloss": 0.33542753108418094,
  "n": 285,
  "tp": 72,
  "fn": 13,
  "tn": 193,
  "fp": 7,
  "real_recall": 0.8470588235294118,
  "generated_specificity": 0.965
}