{
  "auc": 0.9908235294117648,
  "accuracy": 0.9543859649122807,
  "balanced_accuracy": 0.9438235294117647,
  "logloss": 0.4218658770507486,
  "n": 285,
  "tp": 78,
  "fn": 7,
  "tn": 194,
  "fp": 6,
  "real_recall": 0.9176470588235294,
  "generated_specificity": 0.97
}