{
  "train": {
    "auc": 0.9999834983498349,
    "accuracy": 0.9960159362549801,
    "logloss": 0.13685553278590923,
    "n": 1004
  },
  "val": {
    "auc": 0.9928888888888889,
    "accuracy": 0.7253731343283583,
    "logloss": 0.3954887701197259,
    "n": 335
  },
  "test": {
    "auc": 0.802074074074074,
    "accuracy": 0.591044776119403,
    "logloss": 0.6757573472183117,
    "n": 335
  }
}