{
  "fold": 2,
  "train_blocks": [
    0,
    1
  ],
  "validation_block": 2,
  "train_real": 170,
  "train_generated": 400,
  "validation_real": 85,
  "validation_generated": 200,
  "best_iteration": 22,
  "effective_real_block_weights": {},
  "metrics": {
    "auc": 0.6331470588235294,
    "accuracy": 0.6736842105263158,
    "balanced_accuracy": 0.4969117647058824,
    "logloss": 0.609763642048149,
    "n": 285,
    "tp": 5,
    "fn": 80,
    "tn": 187,
    "fp": 13,
    "real_recall": 0.058823529411764705,
    "generated_specificity": 0.935
  }
}