{
  "train": {
    "auc": 1.0,
    "accuracy": 0.9939759036144579,
    "logloss": 0.080590598731473,
    "n": 664
  },
  "val": {
    "auc": 0.9788095238095239,
    "accuracy": 0.9049773755656109,
    "logloss": 0.22774906793087793,
    "n": 221
  },
  "test": {
    "auc": 0.7515909090909092,
    "accuracy": 0.8873873873873874,
    "logloss": 0.2907273015202716,
    "n": 222
  }
}