{
  "auc": 0.9639411764705883,
  "accuracy": 0.8842105263157894,
  "balanced_accuracy": 0.8363235294117647,
  "logloss": 0.31957080909768104,
  "n": 285,
  "tp": 61,
  "fn": 24,
  "tn": 191,
  "fp": 9,
  "real_recall": 0.7176470588235294,
  "generated_specificity": 0.955
}