{
  "fold": 2,
  "train_blocks": [
    0,
    1
  ],
  "validation_block": 2,
  "train_real": 170,
  "train_generated": 400,
  "validation_real": 85,
  "validation_generated": 200,
  "best_iteration": 50,
  "metrics": {
    "auc": 0.7618235294117647,
    "accuracy": 0.8982456140350877,
    "balanced_accuracy": 0.8361764705882353,
    "logloss": 0.35774569030981923,
    "n": 285,
    "tp": 58,
    "fn": 27,
    "tn": 198,
    "fp": 2,
    "real_recall": 0.6823529411764706,
    "generated_specificity": 0.99
  }
}