{
  "fold": 2,
  "train_blocks": [
    0,
    1
  ],
  "validation_block": 2,
  "train_real": 170,
  "train_generated": 400,
  "validation_real": 85,
  "validation_generated": 200,
  "best_iteration": 53,
  "effective_real_block_weights": {},
  "metrics": {
    "auc": 0.9634705882352942,
    "accuracy": 0.8315789473684211,
    "balanced_accuracy": 0.7379411764705882,
    "logloss": 0.36989746356559544,
    "n": 285,
    "tp": 43,
    "fn": 42,
    "tn": 194,
    "fp": 6,
    "real_recall": 0.5058823529411764,
    "generated_specificity": 0.97
  }
}