{
  "auc": 0.9449411764705882,
  "accuracy": 0.8648648648648649,
  "balanced_accuracy": 0.8529411764705883,
  "logloss": 0.38872826802654464,
  "n": 185,
  "tp": 60,
  "fn": 25,
  "tn": 100,
  "fp": 0,
  "real_recall": 0.7058823529411765,
  "generated_specificity": 1.0
}