{
  "train": {
    "auc": 0.999890350877193,
    "accuracy": 0.9959183673469387,
    "logloss": 0.36121912780219556,
    "n": 980
  },
  "val": {
    "auc": 0.8681764705882353,
    "accuracy": 0.6807017543859649,
    "logloss": 0.5720523202511946,
    "n": 285
  },
  "test": {
    "auc": 0.8435882352941176,
    "accuracy": 0.6877192982456141,
    "logloss": 0.5769913512579666,
    "n": 285
  }
}