{
  "auc": 0.9812941176470589,
  "accuracy": 0.9122807017543859,
  "balanced_accuracy": 0.8732352941176471,
  "logloss": 0.40963652106843146,
  "n": 285,
  "tp": 66,
  "fn": 19,
  "tn": 194,
  "fp": 6,
  "real_recall": 0.7764705882352941,
  "generated_specificity": 0.97
}