{
  "auc": 0.9866470588235294,
  "accuracy": 0.9567567567567568,
  "balanced_accuracy": 0.9564705882352941,
  "logloss": 0.5718918004403062,
  "n": 185,
  "tp": 81,
  "fn": 4,
  "tn": 96,
  "fp": 4,
  "real_recall": 0.9529411764705882,
  "generated_specificity": 0.96
}